{"info":{"_postman_id":"048bfcc3-f264-4a89-a50c-cc1bc839c854","name":"Fanda","schema":"https://schema.getpostman.com/json/collection/v2.1.0/collection.json"},"item":[{"name":"Organizations","item":[{"name":"Get all organizations from the database","id":"f4cab70d-c1f3-4588-92e0-49dd157ab8fb","protocolProfileBehavior":{"disableBodyPruning":true},"request":{"method":"GET","header":[],"url":{"raw":"{{baseUrl}}/organizations?superId=08d853ff-7f8b-4749-8a56-1d6d50176bbb","host":["{{baseUrl}}"],"path":["organizations"],"query":[{"key":"superId","value":"08d853ff-7f8b-4749-8a56-1d6d50176bbb"}]},"description":"Get organizations from the database"},"response":[]},{"name":"Create new organization","id":"1fd52b78-b8e2-40a4-9c2f-fc1ba0f8e7b5","protocolProfileBehavior":{"disableBodyPruning":true},"request":{"method":"POST","header":[],"body":{"mode":"raw","raw":"{\r\n  \"code\": \"ASB\",\r\n  \"name\": \"A.S.Babu Sah\",\r\n  \"description\": \"Silk saree manufacturers\",\r\n  \"active\": true,\r\n  \"tenantId\": \"\",\r\n  \"regdNum\": \"REG123\",\r\n  \"pan\": \"PAN123\",\r\n  \"tan\": \"TAN123\",\r\n  \"gstin\": \"GST123\",\r\n  \"contacts\": [\r\n    {\r\n      \"salutation\": \"Mr.\",\r\n      \"firstName\": \"Subramani\",\r\n      \"lastName\": \"AB\",\r\n      \"designation\": \"MD\",\r\n      \"department\": \"Admin\",\r\n      \"email\": \"ab.subramani@fanda.com\",\r\n      \"workPhone\": \"1234567890\",\r\n      \"mobile\": \"9875468125\",\r\n      \"isPrimary\": true\r\n    }\r\n  ],\r\n  \"addresses\": [\r\n    {\r\n      \"attention\": \"Subramani\",\r\n      \"addressLine1\": \"Nadu street\",\r\n      \"city\": \"Kanchipuram\",\r\n      \"state\": \"Tamil Nadu\",\r\n      \"country\": \"IN\",\r\n      \"postalCode\": \"631501\",\r\n      \"phone\": \"04422578974\",\r\n      \"addressType\": \"Default\"\r\n    }\r\n  ]\r\n}","options":{"raw":{"language":"json"}}},"url":{"raw":"{{baseUrl}}/organizations/08d853ff-7f8b-4749-8a56-1d6d50176bbb","host":["{{baseUrl}}"],"path":["organizations","08d853ff-7f8b-4749-8a56-1d6d50176bbb"]}},"response":[]},{"name":"Get organization by Id","id":"e0b9bc02-a9b2-4925-99cd-70b27769a301","protocolProfileBehavior":{"disableBodyPruning":true},"request":{"method":"GET","header":[],"url":{"raw":"{{baseUrl}}/organizations/08d877e8-0dd8-4299-8490-4039024ff9f9","host":["{{baseUrl}}"],"path":["organizations","08d877e8-0dd8-4299-8490-4039024ff9f9"]}},"response":[]},{"name":"Alter existing organization","id":"a652f8be-9e26-436f-b054-fd1016496759","protocolProfileBehavior":{"disableBodyPruning":true},"request":{"method":"PUT","header":[],"body":{"mode":"raw","raw":"{\r\n    \"tenantId\": \"08d853ff-1970-4c0d-875d-e1a985e5edc1\",\r\n    \"regdNum\": \"REG123\",\r\n    \"pan\": \"PAN123\",\r\n    \"tan\": \"TAN123\",\r\n    \"gstin\": \"GST123\",\r\n    \"id\": \"08d877e8-0dd8-4299-8490-4039024ff9f9\",\r\n    \"code\": \"RRJ\",\r\n    \"name\": \"R.R. Junction\",\r\n    \"description\": \"Readymade cloth merchant\",\r\n    \"active\": true\r\n}","options":{"raw":{"language":"json"}}},"url":{"raw":"{{baseUrl}}/organizations/08d877e8-0dd8-4299-8490-4039024ff9f9","host":["{{baseUrl}}"],"path":["organizations","08d877e8-0dd8-4299-8490-4039024ff9f9"]}},"response":[]}],"id":"b6f85915-84ee-44a3-bfee-6d3047b51188"},{"name":"Ledger Group","item":[{"name":"Create new ledger group","id":"03b30376-6124-4de9-8e76-402fd25b5d06","protocolProfileBehavior":{"disableBodyPruning":true},"request":{"method":"POST","header":[],"body":{"mode":"raw","raw":"{\r\n  \"code\": \"AUSP\",\r\n  \"name\": \"Auspicious Accounts\",\r\n  \"description\": \"Auspicious accounts\",\r\n  \"active\": true,\r\n  \"groupType\": \"Asset\",\r\n  \"parentId\": null,\r\n  \"isSystem\": true\r\n}","options":{"raw":{"language":"json"}}},"url":{"raw":"{{baseUrl}}/ledgergroups/08d877e8-0dd8-4299-8490-4039024ff9f9","host":["{{baseUrl}}"],"path":["ledgergroups","08d877e8-0dd8-4299-8490-4039024ff9f9"]}},"response":[]}],"id":"fae9e027-4046-443f-9654-20874dab858d"},{"name":"Users","item":[{"name":"Get all users","id":"5cea026c-061f-43e8-9d56-b0ad6685a889","protocolProfileBehavior":{"disableBodyPruning":true},"request":{"method":"GET","header":[],"url":{"raw":"{{baseUrl}}/users","host":["{{baseUrl}}"],"path":["users"]}},"response":[]},{"name":"Get user by id","id":"d1a1947a-481e-40c2-a86c-988107fea9e5","protocolProfileBehavior":{"disableBodyPruning":true},"request":{"method":"GET","header":[],"url":{"raw":"{{baseUrl}}/users/8","host":["{{baseUrl}}"],"path":["users","8"]}},"response":[]},{"name":"Create new user","id":"a1fbce2a-b358-45d0-92c3-e5c1d4e0ddc7","protocolProfileBehavior":{"disableBodyPruning":true},"request":{"method":"POST","header":[],"body":{"mode":"raw","raw":"{\r\n    \"userName\": \"bseetha3\",\r\n    \"email\": \"bseetha3@Gmail.com\",\r\n    \"mobileNumber\": \"9940180878\",\r\n    \"password\": \"Welcome@123\"\r\n}","options":{"raw":{"language":"json"}}},"url":{"raw":"{{baseUrl}}/users/","host":["{{baseUrl}}"],"path":["users",""]}},"response":[]},{"name":"Update the user","id":"42a8475e-93cd-473a-a7e0-6d365ad554bc","protocolProfileBehavior":{"disableBodyPruning":true},"request":{"method":"PUT","header":[],"body":{"mode":"raw","raw":"{\r\n    \"id\": 8,\r\n    \"userName\": \"tbala2\",\r\n    \"email\": \"tbala2@gmail.com\",\r\n    \"mobileNumber\": \"9940180876\"\r\n}","options":{"raw":{"language":"json"}}},"url":{"raw":"{{baseUrl}}/users/8","host":["{{baseUrl}}"],"path":["users","8"]}},"response":[]},{"name":"Delete an user","id":"54cebf12-959a-4dc6-9515-ebf9efbc0983","protocolProfileBehavior":{"disableBodyPruning":true},"request":{"method":"DELETE","header":[],"url":{"raw":"{{baseUrl}}/users/2","host":["{{baseUrl}}"],"path":["users","2"]}},"response":[]},{"name":"Check user exists","id":"a233719f-95a3-49b7-b8e4-eb3d978b21a2","protocolProfileBehavior":{"disableBodyPruning":true},"request":{"method":"GET","header":[],"url":{"raw":"{{baseUrl}}/users/exists?field=name&value=tbala","host":["{{baseUrl}}"],"path":["users","exists"],"query":[{"key":"field","value":"name"},{"key":"value","value":"tbala"}]}},"response":[]},{"name":"Count","id":"bcc8fd25-8625-4a69-a993-a60c3738dea9","protocolProfileBehavior":{"disableBodyPruning":true},"request":{"method":"GET","header":[],"url":{"raw":"{{baseUrl}}/users/count?all=true","host":["{{baseUrl}}"],"path":["users","count"],"query":[{"key":"all","value":"true"}]}},"response":[]}],"id":"ca1481f3-6364-4707-b047-15be99eac6c4"}],"event":[{"listen":"prerequest","script":{"id":"cef8663b-f685-4eec-afd8-1468eb6a4d05","type":"text/javascript","exec":[""]}},{"listen":"test","script":{"id":"b8df5f5e-4a5b-4539-9151-7d31001f7c9a","type":"text/javascript","exec":[""]}}],"variable":[{"id":"0d789060-5c10-481d-b4ea-36babcbf9267","key":"baseUrl","value":"http://localhost:5000/api"}]}