{"info":{"_postman_id":"8ceeace2-d7ed-489e-8108-d3d6b3dced30","name":"Sales Summary","schema":"https://schema.getpostman.com/json/collection/v2.1.0/collection.json"},"item":[{"name":"Post Sales Summary","id":"6f85090e-28f2-4b63-a967-2c47f5635d61","protocolProfileBehavior":{"disableBodyPruning":true},"request":{"method":"POST","header":[],"body":{"mode":"raw","raw":"{\n    \"broker\":2,\n    \"billNumber\":\"002\",\n    \"billDate\":\"2022-02-22\",\n    \"billQuantity\":10,\n    \"billAmount\":2000.00,\n    \"commissionPercentage\":3\n}","options":{"raw":{"language":"json"}}},"url":{"raw":"{{baseURL}}/sales-summary/","host":["{{baseURL}}"],"path":["sales-summary",""]}},"response":[]},{"name":"Get Sales Summary","id":"f2587d7c-9aa8-4c2f-a348-ab03451b2f88","protocolProfileBehavior":{"disableBodyPruning":true},"request":{"method":"GET","header":[],"url":{"raw":"{{baseURL}}/sales-summary","host":["{{baseURL}}"],"path":["sales-summary"]}},"response":[]},{"name":"Broker Sales","id":"4375fc21-f1de-4331-b13d-b98d35a2231a","protocolProfileBehavior":{"disableBodyPruning":true},"request":{"method":"GET","header":[]},"response":[]}],"auth":{"type":"apikey","apikey":[{"key":"value","value":"Token fc720e2b8803f2c94b0696ec4bcceda2e8473c7a","type":"string"},{"key":"key","value":"Authorization","type":"string"}]},"event":[{"listen":"prerequest","script":{"id":"d75f212f-eed5-4058-a6c1-9dfd1abd48db","type":"text/javascript","exec":[""]}},{"listen":"test","script":{"id":"1bb28dcd-4038-4af7-afb5-1c122413d20f","type":"text/javascript","exec":[""]}}]}