{"info":{"_postman_id":"b05083f0-5c60-4673-a5bb-7373d243f519","name":"Users","schema":"https://schema.getpostman.com/json/collection/v2.1.0/collection.json"},"item":[{"name":"Authenticate","id":"9ab86ca4-3747-4264-9c51-eddf2747a2d7","protocolProfileBehavior":{"disableBodyPruning":true},"request":{"auth":{"type":"noauth"},"method":"POST","header":[],"body":{"mode":"raw","raw":"{\r\n    \"EmailAddress\": \"adminone@simplydoc.ca\",\r\n    \"Password\": \"Welcome!23\"\r\n}","options":{"raw":{"language":"json"}}},"url":{"raw":"{{baseUrl}}/users/authenticate","host":["{{baseUrl}}"],"path":["users","authenticate"]}},"response":[]},{"name":"Register new user","id":"0b1a2bbb-8cb1-4dc7-a9fe-04e733fbd3a7","protocolProfileBehavior":{"disableBodyPruning":true},"request":{"auth":{"type":"noauth"},"method":"POST","header":[],"body":{"mode":"raw","raw":"{\r\n    \"firstName\": \"Admin\",\r\n    \"lastName\": \"13\",\r\n    \"phoneNumber\": \"+1122334456\",\r\n    \"emailAddress\": \"ADMIN3@Simplydoc.ca\",\r\n    \"password\": \"Welcome!23\",\r\n    \"roleId\": 161\r\n}","options":{"raw":{"language":"json"}}},"url":{"raw":"{{baseUrl}}/users/register","host":["{{baseUrl}}"],"path":["users","register"]}},"response":[]},{"name":"Get by id","id":"7e5b5da2-7fad-439c-a855-79293247e294","protocolProfileBehavior":{"disableBodyPruning":true},"request":{"method":"GET","header":[],"url":{"raw":"{{baseUrl}}/users/6","host":["{{baseUrl}}"],"path":["users","6"]}},"response":[]},{"name":"Change password","id":"e483be3b-1fbb-4e0a-bb88-0bacf47e4be8","protocolProfileBehavior":{"disableBodyPruning":true},"request":{"method":"PATCH","header":[],"body":{"mode":"raw","raw":"{\r\n    \"encryptedId\": \"+yOzT9EmofYKiTJec6CSEp57+pusKZ1BBfiFMjDnlUQ=\",\r\n    \"emailAddress\": \"software.balu@gmail.com\",\r\n    \"password\": \"Welcome!23\"\r\n}","options":{"raw":{"language":"json"}}},"url":{"raw":"{{baseUrl}}/users/change-password","host":["{{baseUrl}}"],"path":["users","change-password"]}},"response":[]},{"name":"Activate user","id":"743d7196-3bb8-4a65-b002-3c0508fa1878","protocolProfileBehavior":{"disableBodyPruning":true},"request":{"method":"PATCH","header":[],"body":{"mode":"raw","raw":"{\r\n    \"Id\": 1,\r\n    \"active\": true\r\n}","options":{"raw":{"language":"json"}}},"url":{"raw":"{{baseUrl}}/users/activate/1","host":["{{baseUrl}}"],"path":["users","activate","1"]}},"response":[]},{"name":"Forgot password","id":"80436473-988c-4798-b363-2735f18e17d6","protocolProfileBehavior":{"disableBodyPruning":true},"request":{"method":"POST","header":[],"body":{"mode":"raw","raw":"{\r\n    \"emailAddress\": \"software.balu@gmail.com\"\r\n}","options":{"raw":{"language":"json"}}},"url":{"raw":"{{baseUrl}}/users/forgot-password","host":["{{baseUrl}}"],"path":["users","forgot-password"]}},"response":[]}],"auth":{"type":"bearer","bearer":[{"key":"token","value":"eyJhbGciOiJodHRwOi8vd3d3LnczLm9yZy8yMDAxLzA0L3htbGRzaWctbW9yZSNobWFjLXNoYTI1NiIsInR5cCI6IkpXVCJ9.eyJpZCI6IjEiLCJleHAiOjE2MzIzMDA1MDksImlzcyI6Imh0dHA6Ly85OS43OS41My4xNjgvYXBpIiwiYXVkIjoiaHR0cDovLzk5Ljc5LjUzLjE2OCJ9.EL88whsJ5j0XllJ4cwFfQpALmw95A2ozNKjkMZXi7Uo","type":"string"}]},"event":[{"listen":"prerequest","script":{"id":"cbd79e15-da11-4422-8cae-01593246df66","type":"text/javascript","exec":[""]}},{"listen":"test","script":{"id":"001d4f74-cac5-48bb-ad38-53aea6e60e44","type":"text/javascript","exec":[""]}}]}