{"info":{"_postman_id":"b10328fc-f46d-4114-914f-4208a04fc60d","name":"Fanda rust","schema":"https://schema.getpostman.com/json/collection/v2.1.0/collection.json"},"item":[{"name":"Roles","item":[{"name":"Get all roles","id":"c218bec6-ddf7-47e3-8d95-80bdf687bced","protocolProfileBehavior":{"disableBodyPruning":true},"request":{"method":"GET","header":[],"url":{"raw":"localhost:8080/roles","host":["localhost"],"port":"8080","path":["roles"]}},"response":[]},{"name":"Get role by id","id":"1e30da38-66df-42cc-8fdd-8e18552aeec6","protocolProfileBehavior":{"disableBodyPruning":true},"request":{"method":"GET","header":[],"url":{"raw":"localhost:8080/roles/1","host":["localhost"],"port":"8080","path":["roles","1"]}},"response":[]},{"name":"Create new role","id":"3dd33133-628e-4793-812e-5c0f534ac859","protocolProfileBehavior":{"disableBodyPruning":true},"request":{"method":"POST","header":[],"body":{"mode":"raw","raw":"{\n    \"name\": \"Test2\",\n    \"active\": false\n}","options":{"raw":{"language":"json"}}},"url":{"raw":"localhost:8080/roles","host":["localhost"],"port":"8080","path":["roles"]}},"response":[]}],"id":"931e2cf8-8a0d-4f6f-b481-df63cf001509"}]}