{"info":{"_postman_id":"dc282abf-36de-470b-87cb-7004599e59d4","name":"Fanda-Api (go)","schema":"https://schema.getpostman.com/json/collection/v2.1.0/collection.json"},"item":[{"name":"Users","item":[{"name":"Get all users","id":"43b9f1c7-60c7-429b-99e9-33641961bd02","protocolProfileBehavior":{"disableBodyPruning":true},"request":{"method":"GET","header":[],"body":{"mode":"raw","raw":"","options":{"raw":{"language":"json"}}},"url":{"raw":"{{baseUrl}}/users","host":["{{baseUrl}}"],"path":["users"]}},"response":[]},{"name":"Get user by id","id":"e7e28589-a1cf-4ebc-b600-78061605a5c9","protocolProfileBehavior":{"disableBodyPruning":true},"request":{"method":"GET","header":[],"url":{"raw":"{{baseUrl}}/users/1","host":["{{baseUrl}}"],"path":["users","1"]}},"response":[]},{"name":"Create new user","id":"6b284809-51af-4b10-99f0-81168ca3499a","protocolProfileBehavior":{"disableBodyPruning":true},"request":{"method":"POST","header":[],"body":{"mode":"raw","raw":"{\r\n    \"userName\": \"dummy\",\r\n    \"email\": \"dummy@fandatech.net\",\r\n    \"mobileNumber\": \"9443417462\",\r\n    \"firstName\": \"dummy\",\r\n    \"password\": \"Welcome@123\"\r\n}","options":{"raw":{"language":"json"}}},"url":{"raw":"{{baseUrl}}/users","host":["{{baseUrl}}"],"path":["users"]}},"response":[]},{"name":"Update the user","id":"4e03212d-81eb-4329-8b85-e9dbaf65185e","protocolProfileBehavior":{"disableBodyPruning":true},"request":{"method":"PATCH","header":[],"body":{"mode":"raw","raw":"{\r\n    \"userName\": \"dummy\",\r\n    \"email\": \"dummy@fandatech.net\",\r\n    \"firstName\": \"Dummy\",\r\n    \"isActive\": false\r\n}","options":{"raw":{"language":"json"}}},"url":{"raw":"{{baseUrl}}/users/4","host":["{{baseUrl}}"],"path":["users","4"]}},"response":[]},{"name":"Delete the user","id":"2bcaf9d5-8956-4cb2-bb3e-c8855c43718a","protocolProfileBehavior":{"disableBodyPruning":true},"request":{"method":"DELETE","header":[],"url":{"raw":"{{baseUrl}}/users/4","host":["{{baseUrl}}"],"path":["users","4"]}},"response":[]},{"name":"Get user count","id":"10dcd680-29e9-4c2c-9e38-fd28b200a5ff","protocolProfileBehavior":{"disableBodyPruning":true},"request":{"method":"GET","header":[],"url":{"raw":"{{baseUrl}}/users/count","host":["{{baseUrl}}"],"path":["users","count"]}},"response":[]},{"name":"Exists","id":"f0e69124-6b61-4d2c-91b5-82a701f8a52d","protocolProfileBehavior":{"disableBodyPruning":true},"request":{"method":"GET","header":[],"url":{"raw":"{{baseUrl}}/users/exists?field=id&value=2","host":["{{baseUrl}}"],"path":["users","exists"],"query":[{"key":"field","value":"id"},{"key":"value","value":"2"}]}},"response":[]}],"id":"2bc659f3-d9d9-44c2-b630-2406dc87ce12"},{"name":"Organizations","item":[{"name":"Get all organizations","id":"8dbcd618-5961-4ede-ba12-42b73f469f1d","protocolProfileBehavior":{"disableBodyPruning":true},"request":{"method":"GET","header":[],"url":{"raw":"{{baseUrl}}/organizations","host":["{{baseUrl}}"],"path":["organizations"]}},"response":[]},{"name":"Create new organization","id":"aa7deda9-7865-43b4-92eb-8ff16e1c7976","protocolProfileBehavior":{"disableBodyPruning":true},"request":{"method":"POST","header":[],"body":{"mode":"raw","raw":"{\r\n    \"code\": \"FANDA\",\r\n    \"name\": \"FandaTech.net\",\r\n    \"description\": \"Finance and accounting software development company\",\r\n    \"regdNum\": \"REG1234\",\r\n    \"pan\": \"PAN1234\",\r\n    \"tan\": \"TAN1234\",\r\n    \"gstin\": \"GST1234\",\r\n    \"address\": {\r\n        \"line1\": \"53/15A\",\r\n        \"line2\": \"Narayana palayam street,\",\r\n        \"city\": \"Kanchipuram\",\r\n        \"state\": \"TN\",\r\n        \"country\": \"IN\",\r\n        \"postalCode\": \"631501\"\r\n    },\r\n    \"contact\": {\r\n        \"salutation\": \"Mr.\",\r\n        \"firstName\": \"Bala\"\r\n    },\r\n    \"active\": true\r\n}","options":{"raw":{"language":"json"}}},"url":{"raw":"{{baseUrl}}/organizations","host":["{{baseUrl}}"],"path":["organizations"]}},"response":[]},{"name":"Get the org by id","id":"81b4fb09-18f8-492f-aa56-165ddf41230f","protocolProfileBehavior":{"disableBodyPruning":true},"request":{"method":"GET","header":[],"url":{"raw":"{{baseUrl}}/organizations/1","host":["{{baseUrl}}"],"path":["organizations","1"]}},"response":[]},{"name":"Update the organization","id":"5a03390b-f6cc-40eb-8b84-dbb437607f25","protocolProfileBehavior":{"disableBodyPruning":true},"request":{"method":"PATCH","header":[],"body":{"mode":"raw","raw":"{\r\n    \"code\": \"FANDA\",\r\n    \"name\": \"FandaTech.net\",\r\n    \"description\": \"Finance and accounting software development company\",\r\n    \"regdNum\": \"REG1234\",\r\n    \"pan\": \"PAN1234\",\r\n    \"tan\": \"TAN1234\",\r\n    \"gstin\": \"GST1234\",\r\n    \"address\": {\r\n        \"id\": 1,\r\n        \"attention\": \"Bala\",\r\n        \"line1\": \"53/15A\",\r\n        \"line2\": \"Narayana palayam street,\",\r\n        \"city\": \"Kanchipuram\",\r\n        \"state\": \"TN\",\r\n        \"country\": \"IN\",\r\n        \"postalCode\": \"631501\"\r\n    },\r\n    \"contact\": {\r\n        \"id\": 1,\r\n        \"salutation\": \"Mr.\",\r\n        \"firstName\": \"Balamurugan\",\r\n        \"lastName\": \"Thanikachalam\",\r\n        \"designation\": \"Propreitor\",\r\n        \"department\": \"Admin\",\r\n        \"email\": \"tbala@fandatech.net\"\r\n    },\r\n    \"active\": true\r\n}","options":{"raw":{"language":"json"}}},"url":{"raw":"{{baseUrl}}/organizations/1","host":["{{baseUrl}}"],"path":["organizations","1"]}},"response":[]},{"name":"Delete the organization","id":"be27621f-a893-4829-b296-43a01e475765","protocolProfileBehavior":{"disableBodyPruning":true},"request":{"method":"DELETE","header":[],"url":{"raw":"{{baseUrl}}/organizations/2","host":["{{baseUrl}}"],"path":["organizations","2"]}},"response":[]}],"id":"bbb4d980-bcd2-4ee1-90d8-54d096da98b4"},{"name":"Ledgers","item":[{"name":"Get all ledges","id":"82053efe-c4dc-40c1-afe8-f861f6cea82b","protocolProfileBehavior":{"disableBodyPruning":true},"request":{"method":"GET","header":[],"url":{"raw":"{{baseUrl}}/org/1/ledgers","host":["{{baseUrl}}"],"path":["org","1","ledgers"]}},"response":[]},{"name":"Create new ledger","id":"c7c2b1fd-7c5e-46f0-9c7f-f68509a1e8e8","protocolProfileBehavior":{"disableBodyPruning":true},"request":{"method":"POST","header":[],"body":{"mode":"raw","raw":"{\r\n    \"code\": \"TEL\",\r\n    \"name\": \"Telephone expenses\"\r\n}","options":{"raw":{"language":"json"}}},"url":{"raw":"{{baseUrl}}/org/2/ledgers","host":["{{baseUrl}}"],"path":["org","2","ledgers"]}},"response":[]},{"name":"Get ledger by id","id":"8c418456-af4f-4e77-9887-f04d0efa44d9","protocolProfileBehavior":{"disableBodyPruning":true},"request":{"method":"GET","header":[],"url":{"raw":"{{baseUrl}}/org/1/ledgers/3","host":["{{baseUrl}}"],"path":["org","1","ledgers","3"]}},"response":[]}],"id":"00432488-0fd9-448c-aad9-647146953685"},{"name":"Banks","item":[{"name":"Get all banks","id":"0a66fc43-4407-46b6-9fa4-8a805b7b9a7b","protocolProfileBehavior":{"disableBodyPruning":true},"request":{"method":"GET","header":[],"url":{"raw":"{{baseUrl}}/org/1/banks","host":["{{baseUrl}}"],"path":["org","1","banks"]}},"response":[]},{"name":"Get bank by id","id":"27713eb6-6892-4a6a-afac-729d534cb450","protocolProfileBehavior":{"disableBodyPruning":true},"request":{"method":"GET","header":[],"url":{"raw":"{{baseUrl}}/org/1/banks/6","host":["{{baseUrl}}"],"path":["org","1","banks","6"]}},"response":[]},{"name":"Create new bank","id":"62c81e5a-b150-4b7e-84d0-f096a2269940","protocolProfileBehavior":{"disableBodyPruning":true},"request":{"method":"POST","header":[],"body":{"mode":"raw","raw":"{\r\n    \"code\": \"SBI3\",\r\n    \"name\": \"State bank of india3\",\r\n    \"description\": \"SBI bank\",\r\n    \"accountNumber\": \"33456780513\",\r\n    \"accountType\": 1,\r\n    \"ifscCode\": \"IFSC12345\",\r\n    \"micrCode\": \"MICR12345\",\r\n    \"branchCode\": \"CKPM\",\r\n    \"branchName\": \"Chinna kanchipuram\",\r\n    \"isDefault\": false,\r\n    \"active\": true\r\n}","options":{"raw":{"language":"json"}}},"url":{"raw":"{{baseUrl}}/org/2/banks","host":["{{baseUrl}}"],"path":["org","2","banks"]}},"response":[]}],"id":"e2f5bf09-7f73-45fb-aa54-f9fc64b2d7e7"}],"event":[{"listen":"prerequest","script":{"id":"4d8a6776-3828-4d70-9728-8c504f9a26d0","type":"text/javascript","exec":[""]}},{"listen":"test","script":{"id":"301e1db7-5b40-4713-b12b-2c2a01ee1420","type":"text/javascript","exec":[""]}}],"variable":[{"id":"acec2b4c-84d7-4d95-996c-c52583a9f12f","key":"baseUrl","value":"http://localhost:8010/api"}]}