{"info":{"_postman_id":"e5ed86bf-3bed-4e30-b174-87d7d3865bc5","name":"Payment","schema":"https://schema.getpostman.com/json/collection/v2.1.0/collection.json"},"item":[{"name":"get Balance","id":"c7b14ba0-d9ed-4879-8b62-f2c61780c347","protocolProfileBehavior":{"disableBodyPruning":true},"request":{"method":"GET","header":[],"url":{"raw":"{{baseURL}}/broker-balance/2","host":["{{baseURL}}"],"path":["broker-balance","2"]}},"response":[]},{"name":"Get Payment","id":"3219f7eb-db1f-4ad6-8621-0b20b824a41b","protocolProfileBehavior":{"disableBodyPruning":true},"request":{"method":"GET","header":[],"url":{"raw":"{{baseURL}}/payment?datef=2022-03-05&datet=2022-03-06","host":["{{baseURL}}"],"path":["payment"],"query":[{"key":"datef","value":"2022-03-05"},{"key":"datet","value":"2022-03-06"}]}},"response":[]},{"name":"Post Payment","id":"15a09e9e-32ec-45a1-b14d-fb7d1e8264c6","protocolProfileBehavior":{"disableBodyPruning":true},"request":{"method":"POST","header":[],"body":{"mode":"raw","raw":"{\n    \"broker\":2,\n    \"paymentAmount\":\"20\",\n    \"paymentDate\":\"2022-02-22\"\n}","options":{"raw":{"language":"json"}}},"url":{"raw":"{{baseURL}}/payment","host":["{{baseURL}}"],"path":["payment"]}},"response":[]}],"auth":{"type":"apikey","apikey":[{"key":"value","value":"Token 7b9a441ec71a9c8e63b49275a69afb6e942a7e81","type":"string"},{"key":"key","value":"Authorization","type":"string"}]},"event":[{"listen":"prerequest","script":{"id":"663f7e0c-a8fb-40cf-a0b0-3b624a7a7e68","type":"text/javascript","exec":[""]}},{"listen":"test","script":{"id":"a0315d82-7ac8-4de4-8a12-4e4df11f2912","type":"text/javascript","exec":[""]}}]}