{"info":{"_postman_id":"f0bf0dc0-cc6b-4b6a-bbc9-0810f66f6992","name":"Stripe","schema":"https://schema.getpostman.com/json/collection/v2.1.0/collection.json"},"item":[{"name":"Create product and price","id":"fcb811ef-c370-429e-a5c4-cc1c64018cce","protocolProfileBehavior":{"disableBodyPruning":true},"request":{"method":"POST","header":[],"url":{"raw":"http://0.0.0.0:4242/create-product-session","protocol":"http","host":["0","0","0","0"],"port":"4242","path":["create-product-session"]}},"response":[]}]}