{"id":"7091b814-628c-4b61-8d41-12d0aaafe2e1","name":"Cronofy API - Balamurugan Thanikachalam (DEV)","values":[{"key":"client_id","value":"lgDKUjdBpp0iWhK0buEWt9kOLJ3XO4Jb","enabled":true,"type":"text"},{"key":"client_secret","value":"CRN_x3Lz9zjF6PgFmZ6iLBy8QpZ4Mh0kiuFI5Bhx75","enabled":true,"type":"text"},{"key":"tzid","value":"Etc/UTC","enabled":true,"type":"text"},{"key":"from","value":"2022-01-13","enabled":true,"type":"text"},{"key":"to","value":"2022-01-20","enabled":true,"type":"text"},{"key":"calendar_id","value":"$$_REPLACE_THIS_$$","enabled":true,"type":"text"},{"key":"sub","value":"$$_REPLACE_THIS_$$","enabled":true,"type":"text"}]}