{"info":{"_postman_id":"047416ff-3634-4bdd-85aa-e1a89884640b","name":"Bws","schema":"https://schema.getpostman.com/json/collection/v2.1.0/collection.json"},"item":[{"name":"Brokers","id":"e3bed7ae-8a7d-456c-91c3-4b0c483acd13","protocolProfileBehavior":{"disableBodyPruning":true},"request":{"method":"POST","header":[],"body":{"mode":"raw","raw":"{\n    \"name\": req.body.name,\n    \"address\": req.body.address,\n    \"contactNumber\": req.body.contactNumber\n}","options":{"raw":{"language":"json"}}},"url":{"raw":"http://localhost:4000/brokers","protocol":"http","host":["localhost"],"port":"4000","path":["brokers"]}},"response":[]},{"name":"SalesSummary","id":"240e3c21-9b21-4d6d-97d7-85f677b795b0","protocolProfileBehavior":{"disableBodyPruning":true},"request":{"method":"GET","header":[],"url":{"raw":""}},"response":[]}]}