{"info":{"_postman_id":"19ce20cc-e862-448e-9c6d-ac050a1f5420","name":"User","schema":"https://schema.getpostman.com/json/collection/v2.1.0/collection.json"},"item":[{"name":"Get all user","id":"b980c3ee-1bf0-44b6-b6ac-c3ddd2ca4cca","protocolProfileBehavior":{"disableBodyPruning":true},"request":{"method":"GET","header":[],"url":{"raw":"{{baseURL}}/users","host":["{{baseURL}}"],"path":["users"]}},"response":[]},{"name":"User Create","id":"831ecae3-597a-4273-9fb7-12a2afb3168e","protocolProfileBehavior":{"disableBodyPruning":true},"request":{"method":"POST","header":[],"body":{"mode":"raw","raw":"{\n    \"email\": \"krithiga@gmail.com\",\n    \"username\": \"Krithiga Balamurugan\",\n    \"password\": \"welcome@123\",\n    \"is_staff\": true\n}","options":{"raw":{"language":"json"}}},"url":{"raw":"{{baseURL}}/users/","host":["{{baseURL}}"],"path":["users",""]}},"response":[]},{"name":"User Edit","id":"03a262cf-114c-4deb-b4fa-6a2960d20786","protocolProfileBehavior":{"disableBodyPruning":true},"request":{"method":"PUT","header":[],"body":{"mode":"raw","raw":"{\n    \"addressLine1\":\"No:46/63 S\",\n    \"addressLine2\":\"Baba Street\"\n}","options":{"raw":{"language":"json"}}},"url":{"raw":"{{baseURL}}/users/2","host":["{{baseURL}}"],"path":["users","2"]}},"response":[]},{"name":"Login","id":"31e4b006-42db-46f6-808e-659412229013","protocolProfileBehavior":{"disableBodyPruning":true},"request":{"auth":{"type":"noauth"},"method":"POST","header":[],"body":{"mode":"raw","raw":"{\n    \"email\":\"admin@local.com\",\n    \"password\":\"Welcome@123\"\n}","options":{"raw":{"language":"json"}}},"url":{"raw":"{{baseURL}}/login/","host":["{{baseURL}}"],"path":["login",""]}},"response":[]},{"name":"Logout","id":"ed71d71f-a970-4ab9-98d1-5d64299203a4","protocolProfileBehavior":{"disableBodyPruning":true},"request":{"method":"POST","header":[],"body":{"mode":"raw","raw":""},"url":{"raw":"{{baseURL}}/logout/","host":["{{baseURL}}"],"path":["logout",""]}},"response":[]}],"auth":{"type":"apikey","apikey":[{"key":"value","value":"Token bd613ac7bb4184aaff41d609488b87bb2ead7c80","type":"string"},{"key":"key","value":"Authorization","type":"string"}]},"event":[{"listen":"prerequest","script":{"id":"6fc7c9f3-7e4d-4038-95f2-5d672da931dd","type":"text/javascript","exec":[""]}},{"listen":"test","script":{"id":"ab40b953-abd9-4aff-a576-cfd5bd934b0d","type":"text/javascript","exec":[""]}}]}