{"info":{"_postman_id":"821e4f78-a7fb-4352-bd69-70c1059231cf","name":"Cronofy API Samples","description":"A collection of requests to allow you to explore the Cronofy calendar and scheduling API. For more information see https://docs.cronofy.com/developers","schema":"https://schema.getpostman.com/json/collection/v2.1.0/collection.json"},"item":[{"name":"UserInfo","id":"de7c2e82-55e7-4b34-bb06-81fb870b60dc","request":{"method":"GET","header":[],"url":{"raw":"https://api.cronofy.com/v1/userinfo","protocol":"https","host":["api","cronofy","com"],"path":["v1","userinfo"]},"description":"Get information about the Cronofy account. \n\nUse this to obtain the `sub` value for the account and update in the environment variables.\n\nhttps://docs.cronofy.com/developers/api/identity/userinfo/"},"response":[]},{"name":"List Calendars","id":"d54d5134-af9b-4d7f-8675-9b0422111741","request":{"method":"GET","header":[{"key":"Authorization","value":"Bearer {{token}}"}],"url":{"raw":"https://api.cronofy.com/v1/calendars","protocol":"https","host":["api","cronofy","com"],"path":["v1","calendars"]},"description":"Read the list of calendars across all the users calendar profiles.\n\nhttps://docs.cronofy.com/developers/api/calendars/list-calendars/"},"response":[]},{"name":"Read Events","id":"cc37df76-d2c6-4fc4-b13f-2db46f3ffa9a","request":{"method":"GET","header":[{"key":"Authorization","value":"Bearer {{token}}"}],"url":{"raw":"https://api.cronofy.com/v1/events?tzid={{tzid}}&from={{from}}&to={{to}}&include_managed=1","protocol":"https","host":["api","cronofy","com"],"path":["v1","events"],"query":[{"key":"tzid","value":"{{tzid}}","description":"https://docs.cronofy.com/developers/api/events/read-events/#tzid"},{"key":"from","value":"{{from}}","description":"https://docs.cronofy.com/developers/api/events/read-events/#from"},{"key":"to","value":"{{to}}","description":"https://docs.cronofy.com/developers/api/events/read-events/#to"},{"key":"include_managed","value":"1","description":"https://docs.cronofy.com/developers/api/events/read-events/#include_managed"}]},"description":"Read Events for all calendars between two **dates**.\n\nIncludes managed events, ie events created by your application.\n\nhttps://docs.cronofy.com/developers/api/events/read-events/"},"response":[]},{"name":"Create or Update Event","id":"1d6e1301-2cac-4b57-965e-f174ecbd900e","request":{"method":"POST","header":[{"key":"Authorization","value":"Bearer {{token}}"},{"key":"Content-Type","value":"application/json"}],"body":{"mode":"raw","raw":"{\n    \"event_id\":\"E1234567890\",\n    \"summary\":\"Created with Cronofy\",\n    \"description\":\"You can put notes in here\",\n    \"start\":\"2016-03-15T15:30:00Z\",\n    \"end\":\"2016-03-15T16:00:00Z\",\n    \"tzid\":\"{{tzid}}\",\n    \"location\":{\n        \"description\":\"Board Room\"\n    }\n}"},"url":{"raw":"https://api.cronofy.com/v1/calendars/{{calendar_id}}/events","protocol":"https","host":["api","cronofy","com"],"path":["v1","calendars","{{calendar_id}}","events"]},"description":"Upsert an event into a user's calendar.\n\nTo use this sample you will need to choose a `calendar_id` from the result of the Read Calendars sample and update the `calendar_id` environment value.\n\nhttps://docs.cronofy.com/developers/api/events/upsert-event/"},"response":[]},{"name":"Free Busy","id":"78338f11-5086-4c24-bd5b-449d7e38405a","request":{"method":"GET","header":[{"key":"Authorization","value":"Bearer {{token}}"}],"url":{"raw":"https://api.cronofy.com/v1/free_busy?tzid={{tzid}}&from={{from}}&to={{to}}","protocol":"https","host":["api","cronofy","com"],"path":["v1","free_busy"],"query":[{"key":"tzid","value":"{{tzid}}","description":"https://docs.cronofy.com/developers/api/events/read-events/#tzid"},{"key":"from","value":"{{from}}","description":"https://docs.cronofy.com/developers/api/events/read-events/#from"},{"key":"to","value":"{{to}}","description":"https://docs.cronofy.com/developers/api/events/read-events/#to"}]},"description":"Free busy query for a user across all of their calendars\n\nhttps://docs.cronofy.com/developers/api/events/free-busy/"},"response":[]},{"name":"Availability","id":"1e5b4059-6834-4a02-bdf1-8e678856aa7c","request":{"method":"POST","header":[{"key":"Content-Type","name":"Content-Type","value":"application/json","type":"text"}],"body":{"mode":"raw","raw":"{\n  \"participants\": [\n    {\n      \"members\": [\n        { \"sub\": \"{{sub}}\" }\n      ],\n      \"required\": \"all\"\n    }\n  ],\n  \"required_duration\": { \"minutes\": 60 },\n  \"available_periods\": [\n    {\n      \"start\": \"2019-06-28T09:00:00Z\",\n      \"end\": \"2019-06-28T18:00:00Z\"\n    },\n    {\n      \"start\": \"2019-06-29T09:00:00Z\",\n      \"end\": \"2019-06-29T18:00:00Z\"\n    }\n  ],\n  \"response_format\": \"slots\"\n}"},"url":{"raw":"https://api.cronofy.com/v1/availability","protocol":"https","host":["api","cronofy","com"],"path":["v1","availability"]},"description":"Discover availability for one or more people or resources.\n\nYou will need to set the `sub` environment variable obtained from the `UserInfo` request.\n\nhttps://docs.cronofy.com/developers/scheduling/"},"response":[]},{"name":"Real-Time Scheduling","id":"a4cf4114-17cc-4783-92ec-a751b004f7ed","request":{"method":"POST","header":[{"key":"Content-Type","name":"Content-Type","value":"application/json","type":"text"}],"body":{"mode":"raw","raw":"{\n  \"client_id\": \"{{client_id}}\",\n  \"client_secret\": \"{{client_secret}}\",\n  \"oauth\": {\n    \"redirect_uri\": \"http://localhost\"\n  },\n  \"event\": {\n    \"event_id\": \"qTtZdczOccgaPncGJaCiLg\",\n    \"summary\": \"Testing Cronofy Real-Time Scheduling\",\n    \"tzid\": \"{{tzid}}\"\n  },\n  \"availability\": {\n    \"participants\": [\n      {\n        \"members\": [\n          {\n            \"sub\": \"{{sub}}\"\n          }\n        ],\n        \"required\": \"all\"\n      }\n    ],\n    \"required_duration\": { \"minutes\": 60 },\n    \"available_periods\": [\n      { \n      \t\"start\": \"2019-06-28T09:00:00Z\", \n      \t\"end\": \"2019-06-28T18:00:00Z\"\n      }\n    ]\n  },\n  \"target_calendars\": [\n    {\n      \"sub\": \"{{sub}}\",\n      \"calendar_id\": \"{{calendar_id}}\"\n    }\n  ],\n  \"callback_url\": \"https://myapp/callback\"\n}"},"url":{"raw":"https://api.cronofy.com/v1/real_time_scheduling","protocol":"https","host":["api","cronofy","com"],"path":["v1","real_time_scheduling"]},"description":"Generate a real-time booking link to send to people.\n\nhttps://docs.cronofy.com/developers/api/scheduling/real-time-scheduling/"},"response":[]},{"name":"Generate UI Element Token","id":"aa7e10e4-ce7c-4248-9c8a-d76cec15d3d4","request":{"auth":{"type":"bearer","bearer":[{"key":"token","value":"{{client_secret}}","type":"string"}]},"method":"POST","header":[{"key":"Content-Type","name":"Content-Type","value":"application/json","type":"text"}],"body":{"mode":"raw","raw":"{\n  \"version\": \"1\",\n  \"permissions\": [\"agenda\"],\n  \"subs\": [\"{{sub}}\"],\n  \"origin\": \"http://localhost\"\n}"},"url":{"raw":"https://api.cronofy.com/v1/element_tokens","protocol":"https","host":["api","cronofy","com"],"path":["v1","element_tokens"]},"description":"Generate an authentication token to be used with UI Elements.\n\nhttps://docs.cronofy.com/developers/ui-elements/authentication/"},"response":[]}],"auth":{"type":"oauth2","oauth2":[{"key":"accessToken","value":"Vc5z19BplJIZM1ZRqcaUqYKFPMLG2u66","type":"string"},{"key":"tokenType","value":"bearer","type":"string"},{"key":"addTokenTo","value":"header","type":"string"}]},"event":[{"listen":"prerequest","script":{"id":"74b3f9fb-a0b8-42d1-85fd-bd579ea2590b","type":"text/javascript","exec":[""]}},{"listen":"test","script":{"id":"6e827f03-2a58-43f3-9396-6f331201149f","type":"text/javascript","exec":[""]}}]}