{"info":{"_postman_id":"b74479f0-92e7-425b-a089-cf483ac8d2d4","name":"FinOne","schema":"https://schema.getpostman.com/json/collection/v2.1.0/collection.json"},"item":[{"name":"Customer","id":"2321228d-c466-45e1-b6ed-654ac366fa65","protocolProfileBehavior":{"disableBodyPruning":true},"request":{"method":"GET","header":[],"body":{"mode":"raw","raw":"{\n    \"name\":\"Geetha\",\n    \"address\":\"V.V.R Nagar\",\n    \"city\":\"Kanchipuram\",\n    \"contactNumber\":{\n        \"cNumber1\":989898880,\n        \"cNumber2\":878790988\n    }\n}","options":{"raw":{"language":"json"}}},"url":{"raw":"http://localhost:5000/customers/5fc8b24147be6617830c046f","protocol":"http","host":["localhost"],"port":"5000","path":["customers","5fc8b24147be6617830c046f"]}},"response":[]},{"name":"ChitGroup","id":"cf1ec3e9-2772-4bac-ab15-a8690598e656","protocolProfileBehavior":{"disableBodyPruning":true},"request":{"method":"POST","header":[],"body":{"mode":"raw","raw":"{\n    \"groupMembers\":[\"5fcf0ded5ff4b524276d5c3a\",\"5fcf0df85ff4b524276d5c3b\",\"5fcf0dfc5ff4b524276d5c3c\",\"5fcf0e005ff4b524276d5c3d\",\"5fcf0e055ff4b524276d5c3e\",\"5fcf0e085ff4b524276d5c3f\",\"5fcf0e0e5ff4b524276d5c40\",\"5fcf0e135ff4b524276d5c41\",\"5fcf0e185ff4b524276d5c42\",\"5fcf0e2d5ff4b524276d5c43\",\"5fcf0e315ff4b524276d5c44\",\"5fcf0e3a5ff4b524276d5c45\",\"5fcf0e405ff4b524276d5c46\",\"5fcf0e445ff4b524276d5c47\",\"5fcf0e485ff4b524276d5c48\",\"5fcf0e4c5ff4b524276d5c49\",\"5fcf0e525ff4b524276d5c4a\",\"5fcf0e565ff4b524276d5c4b\",\"5fcf0e5a5ff4b524276d5c4c\",\"5fcf0e695ff4b524276d5c4d\"],\n      \"groupName\": \"A\",\n    \"chitAmount\": 100000,\n    \"commissionPercentage\": 3,\n    \"totalMembers\": 20,\n    \"totalMonths\": 20,\n    \"chitDay\": 15,\n    \"chitTime\": \"2020-12-02T18:30:00.018Z\",\n    \"startDate\": \"2020-02-20T00:00:00.000Z\",\n    \"active\": true\n}","options":{"raw":{"language":"json"}}},"url":{"raw":"http://localhost:5000/chitGroups/","protocol":"http","host":["localhost"],"port":"5000","path":["chitGroups",""]}},"response":[]},{"name":"User","id":"6d81a4e1-343b-4b18-befa-c19a148fef74","protocolProfileBehavior":{"disableBodyPruning":true},"request":{"method":"POST","header":[],"body":{"mode":"raw","raw":"{\n    \"name\": \"Nitheesha2020\",\n    \"password\": \"nithi\"\n}","options":{"raw":{"language":"json"}}},"url":{"raw":"http://localhost:5000/user/login","protocol":"http","host":["localhost"],"port":"5000","path":["user","login"]}},"response":[]},{"name":"ChitAmountPayment","id":"9efd12fa-8483-4720-934e-c258ec57450f","protocolProfileBehavior":{"disableBodyPruning":true},"request":{"method":"POST","header":[],"body":{"mode":"raw","raw":"{\n    \"chitGroupId\":\"5fce1a3b40dcdf4dfe535d54\"\n}","options":{"raw":{"language":"json"}}},"url":{"raw":"http://localhost:5000/chitAmountPayment","protocol":"http","host":["localhost"],"port":"5000","path":["chitAmountPayment"]}},"response":[]}]}